id,source,region_or_topic,user_intent,spots_or_terms_mentioned,product_implication,risk_or_note,url
1,Reddit r/BangaloreTrekkers,Bangalore outskirts,"Safe scenic BYOT place where users can pitch own tent and cook","Campers Creek; Ramanagara; Savandurga foothills; Manchinbele Reservoir outskirts; Kanakapura eco-farms","Create BYOT near Bangalore page and verify private eco-farm hosts","Wild camping near Bangalore is limited by safety and restrictions",https://www.reddit.com/r/BangaloreTrekkers/comments/1s7mi8o/camping_sites_suggestions/
2,Reddit r/SoloTravel_India,Pan-India solo camping,"People want a shared database of spots where others camped safely","Kasol; temple grounds; petrol pumps; villages","Build community-suggested region cards but do not publish unverified pins","Permission and safety are the core concerns",https://www.reddit.com/r/SoloTravel_India/comments/1jcjumj/do_we_have_people_here_who_have_done_camping/
3,Reddit r/SoloTravel_India,Parvati Valley,"Solo camper asks if carrying own tent is safe/legal","Pulga; Fairy Forest","Find host-approved BYOT near Pulga/Parvati instead of forest pin","Local check required; avoid unofficial forest stays",https://www.reddit.com/r/SoloTravel_India/comments/1kpj43c
4,Reddit r/SoloTravel_India,Pan-India safety,"Users ask how to get permission and where others have solo camped","Prashar Lake; Chandratal; Ladakh","Permission status should be first-class listing field","Aspirational spots may need permits/season checks",https://www.reddit.com/r/SoloTravel_India/comments/1rg6nti/what_are_some_places_in_india_where_you_have_solo/
5,Reddit r/SoloTravel_India,Mangalore beaches,"Solo traveler asks where tent can be pitched near beach","Someshwar; Tannirbhavi; temple contact suggestion","Beach camping guide should route users to private/authorized hosts","Beach safety and local permission uncertain",https://www.reddit.com/r/SoloTravel_India/comments/1nwnso3
6,Reddit r/SoloTravel_India,Goa/Karnataka border,"User describes riverside camping as peaceful but scary at night","Galgibag / Goa-Karnataka border","Add warnings for riverbank camping and require host/safety notes","Riverside wildlife, flood, and night safety risk",https://www.reddit.com/r/SoloTravel_India/comments/1t48i3n/solo_riverside_camping_peaceful_evening_but_scary/
7,Reddit r/SoloTravel_India,Gujarat/India permission,"Users discuss camping incident and emphasize asking permission","Temples; villages; local property","CampIn should require host authority and visible permission status","Trespass/local conflict risk",https://www.reddit.com/r/SoloTravel_India/comments/1i510dm
8,Reddit r/SoloTravel_India,Himachal/Uttarakhand,"User wants safe legal mountain camping spots","Trek operator campsites; forests; valleys; riversides","Create basecamp-adjacent verified stays near popular trek routes","Bear/wildlife and forest permission risk",https://www.reddit.com/r/SoloTravel_India/comments/1jv2s0e
9,IndiaMike,Himachal/Uttarakhand permits,"Traveler asks whether permits are needed to pitch own tent","Prashar Lake; Gurson Bugyal; Dodital; Barsu; Raithal","Create permit/fee notes by state and park/forest context","Conflicting local fee and receipt practices",https://www.indiamike.com/india/trekking-and-mountaineering-in-india-f89/do-i-need-a-permit-for-pitching-my-own-tent-in-himachal-or-uttarakhand-t267120/
10,IndiaMike,Goa beaches,"Travelers ask if beach camping is allowed and safe","Agonda; Palolem; Vagator; remote beaches","Do not list public beaches as campsites; find private beach-adjacent hosts","Forum warns beach camping is prohibited/unsafe in many contexts",https://www.indiamike.com/india/goa-f23/camping-on-goan-beaches-t149918/
11,Team-BHP,India overlanding vehicles,"Overlanding users discuss car camping builds and self-contained setups","Pajero; Fortuner; Thar; Bolero; Tata Xenon; rooftop tents","Road Stop product must support vehicles, water refill, toilet, charging","Vehicle users need service points, not only tent pitches",https://www.team-bhp.com/forum/modifications-accessories/238910-indian-cars-modified-camping-overlanding.html
12,Team-BHP,Caravan/campsite lessons,"Users discuss serviced campsite pitches, electric hook-up, fresh water, toilets/showers","Campervan pitches; 220V; water supply; campsite apps","CampIn should model pitches and amenities per unit","India lacks mature campsite availability infra",https://www.team-bhp.com/tags/caravan
13,Reddit r/trekkingIndia,Chopta camps booking,"User asks if online camp booking platforms are reliable","Chopta; online platforms; resellers","Label host-direct vs aggregator/reseller and avoid taking payment without confirmation","Trust gap around prepaid reseller bookings",https://www.reddit.com/r/trekkingIndia/comments/1t16cs3/chopta_camps_booking/
14,Reddit r/indiatravel,HireACamp complaint,"User complains about paid booking and campsite mismatch","Matheran jungle camping; HireACamp","CampIn should log host confirmation and avoid unverified prepaid booking","Prepaid booking trust risk",https://www.reddit.com/r/indiatravel/comments/1re6ve8/wouldnt_recommend_hireacamp_to_anyone/
15,Reddit r/ooty,Nilgiris BYOT,"User asks for paid BYOT sites around Ooty with basic facilities","Ooty; Coonoor; Kotagiri; Kodaikanal","Create Nilgiris BYOT supply hunt and guide page","Need toilets/water minimum",https://www.reddit.com/r/ooty/comments/1l40bt5/looking_for_byotfriendly_paid_campsites_in_and/
